state_hash,visit_count
d4665b979aa743fe2efe0b843bb82cfdd9f43545d38a7202ebc33528a9420fa8,11486
11b164a97f0aaa08a5b16bbd2391f64e2eff0e0313a5d66a717728204c776969,7428
86e9784478b735f8a9ae28b6a624a9fdc5b5c720f7593a5e59f8792558d4aebd,7424
32af0db1e3d56a13b4fbeda6692829374f47d280a1125a7f605da3ce73237bdd,7418
15a2439b544e62a370031b0a841c703831792a76ef23fd77a18921805feef5be,7400
ac7acf5144e761d40bfc710d0f74288ab5d3001e7ff5705c0fe1705e114b93aa,7400
d711655b00d513da5449f95571a8554c955236fb39e323828df73191b04e8d1b,7400
8bdd0338bfaf3f69144995bf70b94c206db0e669ef3f5e690c658c0593c93204,7388
2bc3f37b84367a5f5f967c23927acb5d043225177836adae814b0f647660e0de,7376
8b1dee1c5bdb9bcfd14af1f5250e86006d963deee4c887c40a829e0731a7e49c,7372
72e45c996b0eb4f32dcd039eac3d1974b2f0e9e223cdd5df317b05ae004b8d83,7370
2b2d2aed94ddbc01138aa4cc289bc0230c5e2a6f78ed6dfd681aff412b989b14,7364
a2da18aeb9052273a6be32e4ba54ef9c714f7df997ce2db9a89d14519e682a50,7348
da441619f13c8acb4312020d7faa497875400b7af995251fdd76784448e841cd,7348
a1b7951bd0d597cdfabed37704d9d75e011b238cae072fed4e069b49fefbae26,7344
a61c44426c08bd9f28d7395838b01dd634c1a280bef19297c3b46c0b6b49044f,7344
4dfaea8d3af9bee1ffecbc11ff2a8ce45143cc975973187f2af7c6a3d5600025,7324
40dda3d6394df8e4fff786bd295eb189f7fcd28abfebfdaa6e0c9d3579b1452a,7322
c2ac838824847d2057c546905b2c21f95bbbc5b298f3724a1d9df47009ffb767,7304
80b0f8ccc33c3b125ec92815fe0d5157a825dca371c5f33f3f183bdc695d52b6,3680
fa2fd96aeb0839635a7bda9b46bd7a1e3c00a5b6f70b7b39383342392450cfb4,3656
2a2c1a85eff0fead39582333e4c6c9493232b9ee56e80273cf490265ad446f0e,3648
ceab8a1d946946d08abf2611510e6b8aa07abad39c2ca3244fde2d9fff0d46c5,72
05fcc21fc116ed651e033380d0e076ea02bb009697d35c8c9ee0756aac684840,46
5267c4ab367b39798e549c81805aee5b28cdc9d19d323989434b62a3106720d1,38
b38a1cb5d58962ccec67ec784375c1ff49f292f691a4b9cb14bbcc9d18ee22f1,24
ae3aede377a1cd6b5cc6917c84c1243b833078aa7f8153115f94742f156aaa3d,20
498c86645cfdaa3a1bdc4040b99c86cede6dfacd706cccbfc12622eba90dc813,16
b8d21299d5d0828559638dcb695c472a1735cf365d6bafd111f492f405fdbdb9,16
19a1e322d3417cf2b1471c86b143c9233859be750df53630af24bf61293aa6f7,12
1f733fdc67dfc79f28ccca97adf338f0b240464b47dc41c6cc752052f6abad6d,12
298e7b5b42f343b02681a7b71401b1d1d289f3077de1fe47ceda7357f6c8484c,12
2dbb9830f3428525dcf730892def98efe632c92874067950c27b44923d85ae55,12
33e39f65f47be04fef94da9851de94bdaaef30c8bf9b7cf334770c473042117f,12
4895ee537eedb99f2e817169b9d6bd7c3d8051981ea21c61165284750bdf28fd,12
4dac20d558c410947a7a75752804fbacc46848c002379457f00943ceb6163376,12
553e1544b23704a7dd1bf1f528f3bdfd693c51cfcf16517e2f287c54844e8c85,12
59837a2dc3f3c32f38833b4c60e3612c5b387e525cec46bab04cf4bc7467de6e,12
5e7e8b0e1efd7b1e51837107b2feb1cef7e75da2b1d9c2d4cf4c8e3695a99b05,12
7f6f435424ee489b88e09a72d688f3e08f93f15c0702c4f910406bff67d3137a,12
9059ea98d77f2e8e14c45252d6649c274e89138525710429de32218e2256d038,12
97bc67915999f8493ae4c0d66948580d20c68e84a1a2397d7d686e689d941fe1,12
9bfc30abcc15a17611771a676972820ea4f381b71805e28ebaa3bf833ad6c59f,12
a20d251e7cf6e494a484ae40d4ff5086e05e1fa96336f68d8a0038063a0af353,12
bb74cd9b3ea12909f5108253039bc87f8149b789c03dafd591616a0654463b47,12
c3918ceee56975d4a36e71669ca8a22de3d21b5908622d46d3d157e1bbd83ef8,12
d1c3ef0b37c740f2a49e0b768ebca916f3dde1a9fcd4510f33c838a14f834fcd,12
d3a613640f8798cb331affca59b1c753450551b1ac9dae47d0d345aab882ed73,12
e257f2bb404b94fbe336bc49a88de2c31a21c9a7a6744ba5fe6249074a702e79,12
e4f8eec1f9b71a5d04a7b705db521a460dee27fee59d23e1eb548924df2b356c,12
e5241fa598ca7a09ac88083a73a3c5fe2ca98870e0c4919e0a1ed723f649c394,12
e77be9b72e131a10781daa12c788861719283ba9ac37f12653f05014fd74c076,12
f204c75460b4c62295f9ad6b8f788071032668611ccbcb7b2faf8ed689f13328,12
fe6b07342f2b0c3431a2b85c6ea03bea596d5e90b1b8c1ed60ef22551c44fe99,12
4f1f0ca062b646d02a82ad58ee077e46b033b9d0ddddec13982e1da814f5abdc,10
54325ed9786c2e3933d1d6a9928b8785bce189f21c01619bfebc6b8b41711ba5,10
026ce0e1801f9155b2cabc3d2f9622afa59d8bbe1c50bff2338bac4345148366,8
12042cef40b68c4d2b6f96304102f3affc7f99f5d9c84a277c72471925fb0415,8
126c81dfb7189e760fa7ee95aa6e7b9828d8e7bc3865612878e466adccde671a,8
139f7cfc75adb9610aca12e0d21041360515c83ce972824d7c9742cec3209684,8
14291b8b0d8d257fff619ee9647936daf08eea2489b9e451bd0e64426800dfda,8
1aa9a026b258a3d2d49bc669a07877250593d2902de7653b2000a27340e861aa,8
206aabec720933b562e87ef4b80b98c367906fb77e3ef76e2a37aef581fe0344,8
2d206aa728c5f26a4a15f1310d9961713ce4099dce29f1c091c1bec1303577cb,8
3d163d5005d966c0767d0e67a64f14c9a3045b1f73f17d9a69cc72fc6da20cae,8
3ff26e4be888999151f8c0490feead7123da7e851df6c88593440ee37a58426d,8
4464b78d40ad5e9a25f50349b37f03895759cb8cf329e87d68af3c6aa660febb,8
46a1771015006c6b52b842bb1ab6284556d2909b296fa88591d92561b1698d31,8
50d18025ce63320a54ab50182c4a69688bc9d12336b5bfa6ea2ee4b51e573c29,8
572e6d54a890221bdbc072d788d4cb2456449e84826582c04e3474be11a3f7ac,8
5d2f885a07781b149307f5b6162f74f2014bf1deeca628bd18403c71a5be6180,8
64076232ec789c075eb4aeb7e7b56a94b0b32886279b2ab10d7a094502b12c90,8
663adfd2f291c24836abe74508f2a112c2a77ea883021f046d55d6e834c42dfb,8
6a79c9aba79410a9e629c1fac56d894805cb38a83b0babde3b984bda24c981db,8
725a282a76196bcc5cd9b038f053cc03d1f2512ec35e868568f3f31c563aad52,8
858caa5d24c502786f348b443ee90579a4e058f01eba98cce171fded03e46431,8
8cd224655d427ed9080fcd80359ac963592c8d8c71bcf8463da66e4695cef241,8
906cc0743567aa1b0523a31e153136226f1ca127b60ea8506e94f0aef4aa3581,8
917b292146d4c564d5c46d13c26fab11b3191be36d93ae8f5bbf8135e6bf9892,8
9c7fe6ad764aedde51cb348163218a95b5959794aa9a22140651a8630fdd997c,8
9dd3300164d86e99c65da329a830d645d3bd6c995295e75392cb47ac311c8672,8
abd23c93ec731f6444de01caba1a0cbca855786c3358edda161f99809f46aa86,8
ac17fb9a13d78174ad06d58bba0064f3ee5e23432cca3c7229648705fe164514,8
bb51d91077779dd898387a207dda5f7b3e42e7b66b5710092e39720913c8ddf2,8
ca0c9f47dfdb9034854e1b7ae12b6c39640cd235824a923e566742a7dd16d346,8
cd19c9dec636fbd64b24529c32b6700c6669ae87800cb0cbe67f54173ac507de,8
d552e584c92862162096faac35bf09de803ff37baa6ecc6fb3cc4ddfee6eb0ef,8
e42a6cedfa90ba6d070cf1264a34859237b4811b881885a5310ecd051677f604,8
ea15a341a07c9aa280f53c761f4d80c261a91b18a7e99da0bd8f532d09a7006c,6
fc1e2add3f6630d84bbcb5c904153ca23ac0a02c5669b6d71a3c9251403f2bd9,6
01b649f1b54934d9384f0bc84ddce072e5a0518a3db2701876fa96a2c97de9a3,4
071d8e36ff607504212624c27e1c8ca614ba1c48fbe5f2234e8daede35130fef,4
1a5c4f9d5b920fecbfaf231edaaf158de5dfa4811dc71f3eb6530ca8e028b42e,4
228808268aca1d094eadb505166204c5f31947d0fbdc5251c221e26a40b9ad82,4
305b0369be83e790e99d4a57460e44dcc8b1537e301e8a2c37c30ede147ce2c8,4
4ecee967bbdbbddc4307fd9496ed159e914014d5f129c3267c967a3bd816ba93,4
5297d3470b236767ab043f8b766d3a537a374cae25b1f54c33528a51fef3ae9e,4
541b5127f5f50261c69f5006f327d42150bb567f35a81106408443cfaf7610cf,4
596a425909565931d45a6c7e386327c9361dfcdec687d4e363a3de8af9d80d98,4
60c2f4a7288a0130db931997065c27e3fc8a1217e437faa6c3346c38248f1d04,4
60e736c5a5e7b20d1e5e2492191de2b1cac096120c4e4ce0c025fa9f7095b909,4
6f61903ef35a1fda972c57e71da646da9b6650e015183fa0cadda2d4c6d686be,4
7388bbd75319ed6aaadd9667a22b89d27c8b04b22a1ed7aa2317cdf99337de61,4
790189e7d7c1962aa962bd8eb39dc035939270c676dc33f149060152911e19f3,4
8737f8fb0348469fa2a0e4ff24934d92188abca5835bfeb1cdef2a285a81f2b1,4
8fce7c9512614976f44c335aa2c8f3f3d40ed8140ea4e1beaaeb5de54799cac3,4
9a1b1f7e45bfa400fdeb1a2a18b6804ba617cfc504344fd54196f6f0b27fb031,4
9ec3b980f6395df09e869bdc2e73de10c5c8f8663cc09aac6bc7f65aa865fad1,4
a18230e76926d7f3aa074de0da5cdb04f0a800a2811af7cf110ba0f80edfcc0c,4
a1da86cd9e47340b4a88773ad07503a96722e48988faf0057405202f2e330dd9,4
a651478019222c0f18998371deb01d86373c1f9763941e00b6a718d3421529a3,4
a66f9efc03dccf8466caeb401a18f2193994bc48b4cd7c8cb2a221a7e185769c,4
a9a4bfcf5c9772f6e224f6810445d39ca590f978b86290f44958b3a023773b13,4
ac81591b3e1003b608c366481d8412b7ecddca11153b673961878aaf9f11ad75,4
b9c62497c12b9c85e9751a893c7c8e26b9543ccebd94ae99bba456a4b45229db,4
bcda1931f7522e1f8d66e58897fb4339ca3d77669eb57ac6cfc582df51edcfb3,4
be0354b8c6189f03333cf7b335d9a5f208ad15bfca24b62bb3ddafb7751f6177,4
c2ba2cf0f88ac605c2e9e52066dea6ad787404b2ebe879d592a2396979094fd9,4
c443fdb2bc9c8560decaf9c9ac687a0104ead1386bd16a18b60b5a8f4e38e780,4
cd89a96aaa0f61a20ddd56d4713261eb88242d5cef8fe9754fbc68c51d21e2c9,4
d3fbf00dc9fbf196f33586c1aca61e57f80c7dfa916c1da0152f27ac6437914e,4
d69b25e322ac4edaa90dccaced991a8f7b0dad8795e15195f3830d06c9aba0b3,4
db0f2a260f6000149ea7b27d179b7b11d05873e07cbe724e63d2d4ae8dd20201,4
e167a071b60487877c564df1ff1b19dc04d985ddd7a2f338d858e2d86d503f66,4
178882bf036819ef14e2c8eea0ae0a76ce899e36372b933a4fc5ac5005aa3504,2
8b2a758773d196cbd93e13a381c2c78af544385aa57bcfef697ada9bc08876a1,2
